Model,MAE,RMSE,MAPE,Forecast Month 1,Forecast Month 2,Forecast Month 3
SARIMA,18031.40467222437,19009.18206635205,18.966498068433015,66177.60242484324,92049.24968193169,99965.16872344803
Prophet,20250.794427610937,22318.41136551923,21.864628287701436,51318.94381151383,90325.65473580032,90041.08443014696
XGBoost,15169.052812499998,19040.853878152575,14.785267295148182,85865.90625,86567.859375,88749.4765625
